TopAGNPS,WARNING, 2002,Keyword "DEMEDGE" was not found in "/home/np/Desktop/AIMS_TopAGNPS_AnnAGNPS/run2/TOPAGNPS.XML". The default value of "0" (warn and continue) will be assumed.
TopAGNPS,WARNING, 2002,Keyword "DNMCNT" was not found in "/home/np/Desktop/AIMS_TopAGNPS_AnnAGNPS/run2/TOPAGNPS.XML". The default value of "0" (do not use "DNMCNT.INP") will be assumed.
TopAGNPS,WARNING, 2002,Keyword "OUTFORMAT" was not found in "/home/np/Desktop/AIMS_TopAGNPS_AnnAGNPS/run2/TOPAGNPS.XML". The default value of "0" (outlet location in row, column format) will be assumed.
TopAGNPS,WARNING, 2002,Keyword "KEEPFILES" was not found in "/home/np/Desktop/AIMS_TopAGNPS_AnnAGNPS/run2/TOPAGNPS.XML". The default value of "0" (delete intermediate files) will be assumed.
TopAGNPS,WARNING, 2002,Keyword "OUTSNAP" was not found in "/home/np/Desktop/AIMS_TopAGNPS_AnnAGNPS/run2/TOPAGNPS.XML". The default value of "2" will be assumed.
TopAGNPS,WARNING, 2002,Keyword "VERBOSE" was not found in "/home/np/Desktop/AIMS_TopAGNPS_AnnAGNPS/run2/TOPAGNPS.XML". The default value of "0" (more log messages) will be assumed.
DEDNM,WARNING, 2013,,    30,    31,    32,    33,    34,    35,    36,    37,    38,    39,    40,    41,    42,    43,    44,    45,    46,    47,    48,    49,    50,
DEDNM,WARNING, 2013,   156,     0,     0,     0,     0,     0,     0,     0,     0,     0,     0,     0,     0,     0,     0,     0,     0,     0,     0,     0,     0,     0,
DEDNM,WARNING, 2013,   157,     0,     0,     0,     0,     0,     0,     0,     0,     0,     0,     0,     0,     0,     0,     0,     0,     0,     0,     0,     0,     0,
DEDNM,WARNING, 2013,   158,     0,     0,     0,     0,     0,     0,     0,     0,     0,     0,     0,     0,     0,     0,     0,     0,     0,     0,     0,     0,     0,
DEDNM,WARNING, 2013,   159,     0,     0,     0,     0,     0,     0,     0,     0,     0,     0,     0,     0,     0,     0,     0,     0,     0,     0,     0,     0,     0,
DEDNM,WARNING, 2013,   160,     0,     0,     0,     0,     0,     0,     0,     0,     0,     0,     0,     0,     0,     0,     0,     0,     0,     0,     0,     0,     0,
DEDNM,WARNING, 2013,   161,     0,     0,     0,     0,     0,     0,     0,     0,     0,     0,     0,     0,     0,     0,     0,     0,     0,     0,     0,     0,     0,
DEDNM,WARNING, 2013,   162,     0,     0,     0,     0,     0,     0,     0,     0,     0,     0,     0,     0,     0,     0,     0,     0,     0,     0,     0,     0,     0,
DEDNM,WARNING, 2013,   163,     0,     0,     0,     0,     0,     0,     0,     0,     0,     0,     0,     0,     0,     0,     0,     0, 21814, 21773, 21772, 21771, 21770,
DEDNM,WARNING, 2013,   164,     0,     0,     0,     0,     0,     0,     0,     0,     0,     0,     0,     0,     0,     0,     0, 21817,     0,     0,     0,     0,     0,
DEDNM,WARNING, 2013,   165,     0,     0,     0,     0,     0,     0,     0,     0,     0,     0,     0,     0,     0,     0, 21820,     0,     0,     0,     0,     0,     0,
DEDNM,WARNING, 2013,   166,     0,     0,     0,     0,     0,     0,     0,     0,     0,     0,     0,     0, 21933, 21909,     0,     0,     0,     0,     0,     0,     0,
DEDNM,WARNING, 2013,   167,     0,     0,     0,     0,     0,     0,     0,     0,     0,     0,     0, 21951,     0,     0,     0,     0,     0,     0,     0,     0,     0,
DEDNM,WARNING, 2013,   168,     0,     0,     0,     0,     0,     0,     0,     0, 22082, 22001, 21999,     0,     0,     0,     0,     0,     0,     0,     0,     0,     0,
DEDNM,WARNING, 2013,   169,     0,     0,     0,     0,     0,     0, 22104, 22102,     0,     0,     0,     0,     0,     0,     0,     0,     0,     0,     0,     0,     0,
DEDNM,WARNING, 2013,   170,     0, 29259, 29160, 29157, 29118, 29116,  7010,  7006,  6992,     0,     0,     0,     0,     0,     0,     0,     0,     0,     0,     0,     0,
DEDNM,WARNING, 2013,   171, 29331,     0,     0,     0,     0,     0,     0,     0,     0,  6964,     0,     0,     0,     0,     0,     0,     0,     0,     0,     0,     0,
DEDNM,WARNING, 2013,   172,     0,     0,     0,     0,     0,     0,     0,     0,     0,     0,  6963,     0,     0,     0,     0,     0,     0,     0,     0,     0,     0,
DEDNM,WARNING, 2013,   173,     0,     0,     0,     0,     0,     0,     0,     0,     0,     0,     0,  6962,     0,     0,     0,     0,     0,     0,     0,     0,     0,
DEDNM,WARNING, 2013,   174,     0,     0,     0,     0,     0,     0,     0,     0,     0,     0,     0,  6961,     0,     0,     0,     0,     0,     0,     0,     0,     0,
DEDNM,WARNING, 2013,   175,     0,     0,     0,     0,     0,     0,     0,     0,     0,     0,     0,  6960,     0,     0,     0,     0,     0,     0,     0,     0,     0,
DEDNM,WARNING, 2013,   176,     0,     0,     0,     0,     0,     0,     0,     0,     0,     0,     0,  6959,     0,     0,     0,     0,     0,     0,     0,     0,     0,
DEDNM,WARNING, 2013,The selected outlet cell defined by row "  166" and column "   40" is not a channel cell. Will attempt to snap to a nearest neighbor cell and try to continue.
DEDNM,WARNING, 2014,A valid adjacent raster was found and will be used as a substitute outlet location. The new outlet cell is located on row "  167" and column "   41".
CONCEPTS,WARNING, 2001,The required input file "CONCEPTS.CSV" nor "CONCEPTS.XML" was not found in the executable path. Skipping execution of CONCEPTS.
PEG,WARNING, 2001,The required input file "PEG.CSV" nor "PEG.XML" was not found in the executable path. Skipping execution of PEG.
AgBuf,WARNING, 2001,The required input file "AGBUF.CSV" nor "AGBUF.XML" was not found in the executable path. Skipping execution of AgBuf.
AgWet,WARNING, 2001,The required input file "AGWET.CSV" nor "AGWET.XML" was not found in the executable path. Skipping execution of AgWet.
Pothole,WARNING, 2001,The required input file "POTHOLE.CSV" nor "POTHOLE.XML" was not found in the executable path. Skipping execution of Pothole.
TopAGNPS,WARNING, 1003,*** ENDING EXECUTION: TopAGNPS v6.00.a.011_2021.03.16  64-bit execution ***
