TopAGNPS,WARNING, 2028,The keyword "UTME" was read from "TOPAGNPS.CSV". This keyword will be ignored because its value will be read from the input data file header records.
TopAGNPS,WARNING, 2028,The keyword "UTMN" was read from "TOPAGNPS.CSV". This keyword will be ignored because its value will be read from the input data file header records.
TopAGNPS,WARNING, 2028,The keyword "ROWS" was read from "TOPAGNPS.CSV". This keyword will be ignored because its value will be read from the input data file header records.
TopAGNPS,WARNING, 2028,The keyword "COLS" was read from "TOPAGNPS.CSV". This keyword will be ignored because its value will be read from the input data file header records.
TopAGNPS,WARNING, 2028,The keyword "CELLSIZE" was read from "TOPAGNPS.CSV". This keyword will be ignored because its value will be read from the input data file header records.
TopAGNPS,WARNING, 2028,The keyword "NODATA" was read from "TOPAGNPS.CSV". This keyword will be ignored because its value will be read from the input data file header records.
TopAGNPS,WARNING, 2002,Keyword "OUTSNAP" was found with no value specified. The default value of "2" will be assumed.
TopAGNPS,WARNING, 2002,Keyword "READOUT" was not found in "TOPAGNPS.CSV". The default value of "0" (do not read intermediate files) will be assumed.
DEDNM,WARNING, 2013,,       251,       252,       253,       254,       255,       256,       257,       258,       259,       260,       261,       262,       263,       264,       265,       266,       267,       268,       269,       270,       271,
DEDNM,WARNING, 2013,       643,         0,         0,         0,         0,         0,         0,         0,         0,         0,         0,         0,         0,         0,         0,         0,         0,         0,         0,         0,         0,         0,
DEDNM,WARNING, 2013,       644,         0,         0,         0,         0,         0,         0,         0,         0,         0,         0,         0,         0,         0,         0,         0,         0,         0,         0,         0,         0,         0,
DEDNM,WARNING, 2013,       645,         0,         0,         0,         0,         0,         0,         0,         0,         0,         0,         0,         0,         0,         0,         0,         0,         0,         0,         0,         0,         0,
DEDNM,WARNING, 2013,       646,         0,         0,         0,         0,         0,         0,         0,         0,         0,         0,         0,         0,         0,         0,         0,         0,         0,         0,         0,         0,         0,
DEDNM,WARNING, 2013,       647,         0,         0,         0,         0,         0,         0,         0,         0,         0,         0,         0,         0,         0,         0,         0,         0,         0,         0,         0,         0,         0,
DEDNM,WARNING, 2013,       648,         0,         0,         0,         0,         0,         0,         0,         0,         0,         0,         0,         0,         0,         0,         0,         0,         0,         0,         0,         0,         0,
DEDNM,WARNING, 2013,       649,         0,         0,         0,         0,         0,         0,         0,         0,         0,         0,         0,         0,         0,         0,         0,         0,         0,         0,         0,         0,         0,
DEDNM,WARNING, 2013,       650,         0,         0,         0,         0,         0,         0,         0,         0,         0,         0,         0,         0,         0,         0,         0,         0,         0,         0,         0,         0,         0,
DEDNM,WARNING, 2013,       651,         0,         0,         0,         0,         0,         0,         0,         0,         0,         0,         0,         0,         0,         0,         0,         0,         0,         0,         0,         0,         0,
DEDNM,WARNING, 2013,       652,         0,         0,         0,         0,         0,         0,         0,    309102,    309091,    309090,    309082,    309081,    309074,    309073,    309066,    309065,    309048,    309036,    308979,    308974,    308967,
DEDNM,WARNING, 2013,       653,    309375,    309374,    309364,    309227,    309138,    309137,    309133,         0,         0,         0,         0,         0,         0,         0,         0,         0,         0,         0,         0,         0,         0,
DEDNM,WARNING, 2013,       654,         0,         0,         0,         0,         0,         0,         0,         0,         0,         0,         0,         0,         0,         0,         0,         0,         0,         0,         0,         0,         0,
DEDNM,WARNING, 2013,       655,         0,         0,         0,         0,         0,         0,         0,         0,         0,         0,         0,         0,         0,         0,         0,         0,         0,         0,         0,         0,         0,
DEDNM,WARNING, 2013,       656,         0,         0,         0,         0,         0,         0,         0,         0,         0,         0,         0,         0,         0,         0,         0,         0,         0,         0,         0,         0,         0,
DEDNM,WARNING, 2013,       657,         0,         0,         0,         0,         0,         0,         0,         0,         0,         0,         0,         0,         0,         0,         0,         0,         0,         0,         0,         0,         0,
DEDNM,WARNING, 2013,       658,         0,         0,         0,         0,         0,         0,         0,         0,         0,         0,         0,         0,         0,         0,         0,         0,         0,         0,         0,         0,         0,
DEDNM,WARNING, 2013,       659,         0,         0,         0,         0,         0,         0,         0,         0,         0,         0,         0,         0,         0,         0,         0,         0,         0,         0,         0,         0,         0,
DEDNM,WARNING, 2013,       660,         0,         0,         0,         0,         0,         0,         0,         0,         0,         0,         0,         0,         0,         0,         0,         0,         0,         0,         0,         0,         0,
DEDNM,WARNING, 2013,       661,         0,         0,         0,         0,         0,         0,         0,         0,         0,         0,         0,         0,         0,         0,         0,         0,         0,         0,         0,         0,         0,
DEDNM,WARNING, 2013,       662,         0,         0,         0,         0,         0,         0,         0,         0,         0,         0,         0,         0,         0,         0,         0,         0,         0,         0,         0,         0,         0,
DEDNM,WARNING, 2013,       663,         0,         0,         0,         0,         0,         0,         0,         0,         0,         0,         0,         0,         0,         0,         0,         0,         0,         0,         0,         0,         0,
DEDNM,WARNING, 2013,The selected outlet cell defined by row "  653" and column "  261" is not a channel cell. Will attempt to snap to a nearest neighbor cell and try to continue.
DEDNM,WARNING, 2014,A valid adjacent raster was found and will be used as a substitute outlet location. The new outlet cell is located on row "  652" and column "  260".
AgFlow,WARNING, 2001,The optional input file "AGFLOW.CSV" nor "AGFLOW.XML" was not found in the executable path. Default parameters will be used.
CONCEPTS,WARNING, 2001,The required input file "CONCEPTS.CSV" nor "CONCEPTS.XML" was not found in the executable path. Skipping execution of CONCEPTS.
PEG,WARNING, 2001,The required input file "PEG.CSV" nor "PEG.XML" was not found in the executable path. Skipping execution of PEG.
AgBuf,WARNING, 2001,The required input file "AGBUF.CSV" nor "AGBUF.XML" was not found in the executable path. Skipping execution of AgBuf.
AgWet,WARNING, 2001,The required input file "AGWET.CSV" nor "AGWET.XML" was not found in the executable path. Skipping execution of AgWet.
Pothole,WARNING, 2001,The required input file "POTHOLE.CSV" nor "POTHOLE.XML" was not found in the executable path. Skipping execution of Pothole.
TopAGNPS,WARNING, 1003,*** ENDING EXECUTION: TopAGNPS v6.00.a.024_2023.07.17  64-bit execution ***
